1,17552952,0,33778142,0
2,2646856,0,4973475,0
3,1983321,0,3726371,0
4,1574205,0,2968081,0
5,1279635,0,2413059,0
6,1027199,0,1925331,0
7,844225,0,1603194,0
8,806170,0,1529391,0
9,807945,0,1538052,0
10,817796,0,1559699,0
11,827350,0,1589312,0
12,841862,0,1610855,0
13,847831,0,1600236,0
14,841106,0,1582536,0
15,818736,0,1558300,0
16,801986,0,1516890,0
17,794165,0,1496891,0
18,778641,0,1481871,0
19,768767,0,1465035,0
20,766753,0,1453740,0
21,768552,0,1464586,0
22,770814,0,1457994,0
23,773543,0,1468276,0
24,768508,0,1455169,0
25,768290,0,1446061,0
26,764179,1.190819e+06,1441780,2.261710e+06
27,757596,860923,1435184,1.626194e+06
28,753998,8.233377e+05,1425971,1.555653e+06
29,754199,7.989115e+05,1423042,1.509570e+06
30,757697,7.823446e+05,1425519,1.478290e+06
31,763696,7.715173e+05,1444945,1.457526e+06
32,764088,7.656291e+05,1451687,1.446057e+06
33,762394,7.630772e+05,1444113,1.440534e+06
34,771090,7.611764e+05,1449470,1.436371e+06
35,758810,7.592635e+05,1439662,1.432051e+06
36,749540,7.570959e+05,1428980,1.427249e+06
37,749371,7.548232e+05,1427969,1.422042e+06
38,740583,7.523196e+05,1419656,1.416539e+06
39,745734,7.499517e+05,1417381,1.411570e+06
40,752394,7.478239e+05,1420822,1.407326e+06
41,755211,7.463557e+05,1421885,1.403699e+06
42,764501,7.453068e+05,1418087,1.400952e+06
43,757142,7.444853e+05,1411477,1.398753e+06
44,754583,7.437080e+05,1409602,1.396721e+06
45,750030,7.431576e+05,1393057,1.394963e+06
46,731012,7.422934e+05,1374620,1.393122e+06
47,720746,7.412922e+05,1359792,1.390705e+06
48,721088,7.400968e+05,1353075,1.388223e+06
49,717154,7.387098e+05,1343736,1.385146e+06
50,720579,7.373489e+05,1355606,1.381989e+06
51,717157,7.359010e+05,1347559,1.378852e+06
52,728245,7.343504e+05,1366818,1.375506e+06
53,730004,7.329456e+05,1375900,1.372174e+06
54,737588,731595,1376126,1.369132e+06
55,729291,7.301638e+05,1372777,1.366168e+06
56,727441,7.287042e+05,1354126,1.362931e+06
57,726905,7.270051e+05,1340374,1.359242e+06
58,714074,7.251124e+05,1321531,1.355355e+06
59,709232,7.232267e+05,1317065,1.351023e+06
60,710385,7.208169e+05,1317736,1.346654e+06
61,707251,7.186235e+05,1314793,1.342196e+06
62,711439,7.165513e+05,1323802,1.337838e+06
63,714179,7.145576e+05,1330184,1.333539e+06
64,727071,7.128080e+05,1346808,1.329584e+06
65,732587,7.112028e+05,1366097,1.325851e+06
66,743859,7.095435e+05,1373330,1.322526e+06
67,748490,7.080896e+05,1376803,1.319623e+06
68,752268,7.066377e+05,1384706,1.317066e+06
69,738998,7.053779e+05,1378262,1.314906e+06
70,740701,7.041916e+05,1375384,1.312579e+06
71,722675,7.030774e+05,1359834,1.310558e+06
72,717493,7.023379e+05,1341341,1.308558e+06
73,709849,7.015226e+05,1331404,1.306889e+06
74,702805,7.007896e+05,1311336,1.305087e+06
75,699102,6.999301e+05,1294158,1.303381e+06
76,694448,6.990081e+05,1286094,1.301336e+06
77,685097,6.982417e+05,1271109,1.299405e+06
78,685952,6.973504e+05,1265243,1.297166e+06
79,685117,6.964316e+05,1270848,1.294573e+06
80,681209,6.953314e+05,1271890,1.292025e+06
81,683254,6.941734e+05,1260413,1.289539e+06
82,677046,6.930083e+05,1256832,1.287111e+06
83,667557,6.918521e+05,1253446,1.284774e+06
84,666226,690745,1223181,1.282740e+06
85,648190,6.896303e+05,1226632,1.280585e+06
86,646944,6.885772e+05,1212292,1.278501e+06
87,643858,6.875432e+05,1206715,1.276473e+06
88,647693,6.865279e+05,1208750,1.274186e+06
89,651353,6.853955e+05,1217938,1.271744e+06
90,663868,6.840443e+05,1226999,1.268944e+06
91,667770,6.825729e+05,1251235,1.265872e+06
92,681064,6.807663e+05,1273849,1.262468e+06
93,690453,6.787611e+05,1287656,1.258877e+06
94,692891,6.768305e+05,1301364,1.255143e+06
95,694083,6.751798e+05,1290921,1.251712e+06
96,693206,6.732685e+05,1289947,1.248281e+06
97,693299,6.719288e+05,1272627,1.245432e+06
98,679164,6.707023e+05,1274673,1.242902e+06
99,683707,6.696999e+05,1261175,1.240794e+06
100,673318,6.686675e+05,1256750,1.238894e+06
101,673557,6.677429e+05,1251320,1.237209e+06
102,678073,6.668254e+05,1249039,1.235684e+06
103,682787,6.659175e+05,1252661,1.234074e+06
104,683145,6.649378e+05,1243665,1.232444e+06
105,681479,6.638335e+05,1246159,1.230507e+06
106,670229,6.628030e+05,1245967,1.228473e+06
107,668022,6.617234e+05,1230308,1.226685e+06
108,667939,6.609035e+05,1221188,1.225102e+06
109,657613,6.602454e+05,1217819,1.223668e+06
110,652384,6.595374e+05,1207157,1.222846e+06
111,656677,6.591952e+05,1211423,1.222035e+06
112,654517,6.588611e+05,1211366,1.221275e+06
113,659655,6.584872e+05,1207166,1.220403e+06
114,656431,6.579298e+05,1205666,1.219360e+06
115,658159,6.569842e+05,1204028,1.217876e+06
116,657545,6.558313e+05,1209405,1.216166e+06
117,651720,6.547079e+05,1199730,1.213791e+06
118,646228,6.534007e+05,1193657,1.211405e+06
119,653804,6.521418e+05,1194274,1.209145e+06
120,654813,6.510149e+05,1203301,1.207074e+06
121,643224,6.500344e+05,1200358,1.205670e+06
122,654352,6.493056e+05,1214560,1.204587e+06
123,654939,6.482583e+05,1212321,1.203491e+06
124,658728,6.469405e+05,1223894,1.201265e+06
125,650153,6.451307e+05,1214450,1.198301e+06
126,651948,6.429102e+05,1208195,1.194304e+06
127,647656,6.404809e+05,1208303,1.189818e+06
128,638793,6.381512e+05,1188995,1.185561e+06
129,635986,6.363489e+05,1182142,1.182719e+06
130,628800,6.358675e+05,1172078,1.182126e+06
131,628652,6.367341e+05,1168135,1.183893e+06
132,628196,6.389101e+05,1169244,1.187638e+06
133,635232,6.420548e+05,1176101,1.193336e+06
134,633992,6.456806e+05,1180295,1.200429e+06
135,630119,6.496926e+05,1181277,1.207890e+06
136,630736,6.535604e+05,1185240,1.215567e+06
137,629904,6.571210e+05,1173555,1.222705e+06
138,624789,6.605754e+05,1162225,1.229562e+06
139,619267,6.635612e+05,1155543,1.236038e+06
140,603127,6.663968e+05,1142283,1.241939e+06
141,605069,6.689083e+05,1139760,1.247581e+06
142,610480,6.710089e+05,1130132,1.252465e+06
143,614395,6.729988e+05,1152154,1.256961e+06
144,626252,6.747698e+05,1172418,1.261404e+06
145,635417,6.762702e+05,1195717,1.265372e+06
146,644078,6.775094e+05,1219349,1.268861e+06
147,656035,6.789594e+05,1234707,1.272150e+06
148,639889,6.800251e+05,1216710,1.275038e+06
149,611958,6.809351e+05,1161158,1.277663e+06
150,591406,6.816906e+05,1110027,1.279869e+06
151,560071,6.824387e+05,1052870,1.282197e+06
152,549663,6.831373e+05,1022548,1.284473e+06
153,559257,6.839192e+05,1031922,1.286505e+06
154,590871,6.847022e+05,1107732,1.288850e+06
155,658591,6.854068e+05,1213424,1.291154e+06
156,725679,6.862934e+05,1336259,1.293473e+06
157,781204,6.870137e+05,1436981,1.295720e+06
158,828401,6.877697e+05,1520879,1.297981e+06
159,852858,6.883203e+05,1582953,1.299870e+06
160,862224,6.888973e+05,1598304,1.301646e+06
161,849638,689449,1598678,1.303371e+06
162,838269,6.900213e+05,1575488,1.304904e+06
163,830692,6.904823e+05,1561047,1.306671e+06
164,811931,6.910529e+05,1537483,1.308662e+06
165,801049,6.916130e+05,1506616,1.310603e+06
166,786245,692484,1491768,1.312684e+06
167,764675,6.932438e+05,1458471,1.314515e+06
168,753203,6.938779e+05,1429049,1.316638e+06
169,736551,6.944524e+05,1420247,1.318493e+06
170,730322,6.947455e+05,1396618,1.319862e+06
171,718012,6.948498e+05,1381225,1.320668e+06
172,717173,6.948676e+05,1368126,1.320766e+06
173,708707,6.945443e+05,1361861,1.320739e+06
174,701349,6.944658e+05,1346173,1.321085e+06
175,697258,6.949534e+05,1336429,1.322345e+06
176,688303,6.958975e+05,1333145,1.324516e+06
177,687578,6.974016e+05,1324274,1.327588e+06
178,687535,6.989857e+05,1311934,1.331272e+06
179,678725,7.004009e+05,1308613,1.334845e+06
180,671920,7.012481e+05,1299604,1.336935e+06
181,674016,7.006443e+05,1290357,1.336962e+06
182,665390,6.988190e+05,1282771,1.334528e+06
183,666749,6.959117e+05,1284514,1.330045e+06
184,663312,6.919997e+05,1272436,1.323808e+06
185,663422,6.875589e+05,1270909,1.316347e+06
186,658254,6.829390e+05,1269221,1.308610e+06
187,659925,6.785786e+05,1263419,1.300834e+06
188,653415,6.744939e+05,1263684,1.293630e+06
189,653889,6.704499e+05,1263759,1.286402e+06
190,647830,6.667814e+05,1254536,1.279578e+06
191,647549,6.632510e+05,1248400,1.273408e+06
192,643821,6.601562e+05,1233191,1.267491e+06
193,642819,6.574430e+05,1238389,1262096
194,643694,6.549378e+05,1246766,1.257366e+06
195,641200,6.527899e+05,1242196,1.252893e+06
196,640737,6.507371e+05,1236856,1.248661e+06
197,644983,6.489001e+05,1224345,1.244756e+06
198,639549,6.469758e+05,1233325,1.241162e+06
199,635886,6.453093e+05,1234362,1.237633e+06
200,636825,6.439071e+05,1225436,1.234315e+06
201,639554,6.424543e+05,1220715,1.231271e+06
202,636780,6.412481e+05,1209541,1.228301e+06
203,630450,6.400259e+05,1210457,1.225305e+06
204,631434,6.387173e+05,1214106,1.222717e+06
205,634077,6.376723e+05,1214357,1.220055e+06
206,627799,6.365718e+05,1214780,1.217719e+06
207,632590,6.355777e+05,1212158,1.215448e+06
208,632930,6.347491e+05,1208302,1.213304e+06
209,628887,6.339246e+05,1202831,1.211197e+06
210,626381,6.330392e+05,1202427,1.209245e+06
211,626605,6.323419e+05,1203725,1.207319e+06
212,627262,6.316463e+05,1202079,1.205358e+06
213,629947,6.309705e+05,1208099,1.203672e+06
214,624448,6.304371e+05,1192437,1.201894e+06
215,624836,6.298170e+05,1189452,1.200116e+06
216,621002,6.293586e+05,1191958,1.198478e+06
217,628408,628881,1189983,1.196905e+06
218,626303,6.285468e+05,1183319,1.195651e+06
219,625439,6.283020e+05,1187844,1.194313e+06
220,627008,6.279038e+05,1192074,1.192789e+06
221,625628,6.275518e+05,1180830,1.191244e+06
222,624325,6.271219e+05,1182060,1.189859e+06
223,619032,6.266795e+05,1184809,1.188812e+06
224,623714,6.262239e+05,1181909,1.187340e+06
225,629841,6.259643e+05,1176918,1.185898e+06
226,623161,6.256702e+05,1181206,1.184633e+06
227,626787,6.253802e+05,1181686,1.183466e+06
228,625248,6.250242e+05,1171456,1.182585e+06
229,620797,6.248555e+05,1179969,1.181547e+06
230,625431,6.246205e+05,1172857,1.180408e+06
231,615791,6.244076e+05,1180435,1.179152e+06
232,623318,6.243446e+05,1174557,1.178010e+06
233,623132,6.241447e+05,1173417,1.176877e+06
234,624699,6.239330e+05,1177089,1.175846e+06
235,618156,6.238908e+05,1172863,1.174885e+06
236,627862,6.236720e+05,1172689,1.174011e+06
237,622779,6.234555e+05,1169201,1.173207e+06
238,625459,6.233486e+05,1177453,1.172297e+06
239,626209,6.231339e+05,1173000,1171276
240,622263,6.230345e+05,1173086,1.170476e+06
241,624453,6.229569e+05,1170961,1.169748e+06
242,623192,6.229283e+05,1168209,1.169035e+06
243,626775,6.229135e+05,1169211,1.168202e+06
244,630334,6.228633e+05,1170181,1.167652e+06
245,623386,6.227560e+05,1169018,1.166828e+06
246,623249,6.226560e+05,1163396,1.166049e+06
247,618813,6.226345e+05,1166238,1.165482e+06
248,622420,6.225947e+05,1170923,1.164926e+06
249,616316,6.225703e+05,1158287,1.164239e+06
250,622646,6.225405e+05,1160816,1163514
251,621822,6.224284e+05,1160890,1.162994e+06
252,624765,6.224062e+05,1161229,1.162210e+06
253,618626,6.222999e+05,1164612,1.161662e+06
254,621847,6.222679e+05,1157519,1.161179e+06
255,619446,6.223143e+05,1156027,1.160478e+06
256,623223,6.223083e+05,1150255,1.159912e+06
257,624584,6.223383e+05,1156555,1.159215e+06
258,622394,6.223160e+05,1154392,1.158680e+06
259,622136,6.223145e+05,1155715,1.158101e+06
260,626731,6.222272e+05,1153838,1.157621e+06
261,615226,6.222278e+05,1157810,1.157092e+06
262,615562,6.220888e+05,1162737,1.156603e+06
263,621810,6.221026e+05,1155673,1.156191e+06
264,618996,6.220149e+05,1156027,1.155662e+06
265,619382,6.220393e+05,1151617,1.155220e+06
266,620878,6.219887e+05,1152368,1.154657e+06
267,619539,6.218789e+05,1155583,1.154278e+06
268,627656,6.219133e+05,1147491,1.153784e+06
269,623742,6.218318e+05,1155278,1.153276e+06
270,619966,6.216065e+05,1145800,1.152936e+06
271,621910,6.215592e+05,1152366,1.152614e+06
272,624529,6.215853e+05,1151921,1.152369e+06
273,622298,6.216370e+05,1153690,1.151983e+06
274,617788,6.216666e+05,1149741,1.151584e+06
275,622194,6.217152e+05,1144958,1.151429e+06
276,624122,6.216718e+05,1150422,1.151159e+06
277,622027,6.216279e+05,1141199,1.150976e+06
278,621370,6.214796e+05,1153759,1.150748e+06
279,623616,6.215084e+05,1146811,1.150653e+06
280,623162,621491,1144205,1.150605e+06
281,625122,6.214867e+05,1143988,1.150557e+06
282,617324,6.215032e+05,1144886,1.150726e+06
283,622179,6.214440e+05,1147287,1.150681e+06
284,623056,6.214517e+05,1143868,1.150938e+06
285,620246,6.214692e+05,1152616,1.151214e+06
286,618188,6.213550e+05,1145879,1.151498e+06
287,620775,6.214321e+05,1147743,1.151763e+06
288,623480,6.215888e+05,1148222,1.151869e+06
289,620987,6.215414e+05,1150463,1.152216e+06
290,627454,6.216185e+05,1150457,1.152362e+06
291,619681,6.218336e+05,1144358,1.152778e+06
292,618854,6.218536e+05,1151625,1.153099e+06
293,624946,6.220918e+05,1143046,1.153597e+06
294,622617,6.220194e+05,1143309,1.154253e+06
295,618844,6.220737e+05,1152847,1.154728e+06
296,620973,6.221868e+05,1152560,1.155445e+06
297,624581,6.222673e+05,1150892,1.156049e+06
298,621449,6.223895e+05,1146569,1.156522e+06
299,623932,6.224998e+05,1150598,1.156977e+06
300,618796,6.227414e+05,1150341,1.157695e+06
301,620433,6.228645e+05,1147089,1.158323e+06
302,619583,6.229156e+05,1151528,1.159088e+06
303,617202,6.230335e+05,1149607,1.159825e+06
304,620090,6.232481e+05,1159783,1.160362e+06
305,620962,6.234503e+05,1155074,1.161092e+06
306,619229,6.236001e+05,1153544,1.161959e+06
307,624064,6.237426e+05,1158903,1.162838e+06
308,621562,6.240050e+05,1154270,1.163728e+06
309,622790,6.242749e+05,1167500,1.164579e+06
310,623027,6.244386e+05,1169774,1.165439e+06
311,620905,6.246288e+05,1168314,1.166198e+06
312,619157,624837,1171344,1.167178e+06
313,623557,6.250156e+05,1168131,1.168115e+06
314,619390,6.252034e+05,1173357,1.169061e+06
315,622931,6.254758e+05,1163493,1.170003e+06
316,630350,6.254050e+05,1172806,1.170994e+06
317,621901,6.255617e+05,1168759,1.172055e+06
318,631684,6.257988e+05,1180964,1.172946e+06
319,623964,6.258388e+05,1180954,1.174103e+06
320,626514,626006,1179498,1.175316e+06
321,625731,6.262757e+05,1182393,1.176207e+06
322,626018,6.263962e+05,1183139,1.177154e+06
323,630760,6.265692e+05,1176064,1.178279e+06
324,627921,6.267250e+05,1176915,1.179436e+06
325,630110,6.268734e+05,1186310,1180559
326,628472,6.269344e+05,1176985,1.181623e+06
327,626731,6.270773e+05,1189456,1.182777e+06
328,628039,6.271947e+05,1178808,1.183806e+06
329,632314,6.273062e+05,1181106,1.184813e+06
330,633928,6.273704e+05,1184077,1.185702e+06
331,630802,6.274626e+05,1188394,1.186475e+06
332,632392,6.275555e+05,1188838,1.187462e+06
333,630703,6.275960e+05,1190253,1.188151e+06
334,635946,6.276565e+05,1190684,1.189217e+06
335,631406,6.276421e+05,1187759,1.189960e+06
336,629946,6.276825e+05,1191340,1.190629e+06
337,628804,6.278744e+05,1195825,1.191247e+06
338,629882,6.280542e+05,1195522,1.191731e+06
339,633059,6.281600e+05,1196502,1.192425e+06
340,634878,6.282602e+05,1198512,1.193001e+06
341,623847,6.283051e+05,1200977,1.193638e+06
342,627669,6.281964e+05,1198449,1.194039e+06
343,630947,6.281907e+05,1197072,1.194520e+06
344,626988,6.281036e+05,1202044,1.194713e+06
345,631143,6.281130e+05,1205176,1.195027e+06
346,632598,6.280962e+05,1198285,1.195220e+06
347,627118,6.281182e+05,1200874,1.195414e+06
348,633404,6.281336e+05,1208269,1.195631e+06
349,629395,6.279525e+05,1205568,1.195808e+06
350,631503,6.277296e+05,1207880,1.196032e+06
351,621907,6.275078e+05,1204629,1.196041e+06
352,627719,6.271936e+05,1205908,1.196124e+06
353,625571,6.269275e+05,1204026,1.195953e+06
354,622886,6.266671e+05,1200954,1.196128e+06
355,623366,6.263856e+05,1205130,1.196118e+06
356,625665,6.260310e+05,1194512,1.196124e+06
357,623966,6.257553e+05,1203843,1.196027e+06
358,626131,6.254771e+05,1194069,1.195889e+06
359,624649,6.251916e+05,1208631,1.195742e+06
360,622051,6.248170e+05,1205381,1.195475e+06
361,625087,6.245559e+05,1203908,1.195293e+06
362,630695,6.242966e+05,1199841,1.195050e+06
363,628327,6.239982e+05,1195994,1.194711e+06
364,628954,6.237222e+05,1203566,1.194467e+06
365,624497,6.234015e+05,1202713,1.194079e+06
366,625223,6.231350e+05,1195989,1.193728e+06
367,624807,6.230168e+05,1193231,1.193318e+06
368,621607,6.228036e+05,1193293,1192896
369,627244,6.225147e+05,1190818,1.192326e+06
370,624441,6.222014e+05,1196989,1.191672e+06
371,625657,6.218675e+05,1189322,1.190906e+06
372,626857,6.214895e+05,1192303,1.190302e+06
373,626801,6.211676e+05,1194180,1.189748e+06
374,621524,6.207759e+05,1185079,1.188772e+06
375,616555,6.204490e+05,1188367,1.187989e+06
376,618796,6.200039e+05,1186740,1.187274e+06
377,612448,6.198204e+05,1181259,1.186492e+06
378,613162,6.195019e+05,1180737,1.185565e+06
379,614759,6.191873e+05,1187709,1.184603e+06
380,617954,6.189247e+05,1180576,1.183664e+06
381,615846,6.186270e+05,1184387,1.182560e+06
382,616740,6.183473e+05,1183484,1.181806e+06
383,618206,6.179972e+05,1181795,1.180813e+06
384,616142,617656,1182726,1.179992e+06
385,616839,6.173976e+05,1177072,1.178959e+06
386,618090,6.172859e+05,1178503,1.177922e+06
387,616721,6.169107e+05,1178917,1.177042e+06
388,613588,6.166009e+05,1178563,1.176177e+06
389,615807,6.162651e+05,1183073,1.175330e+06
390,616704,6.158085e+05,1176726,1.174234e+06
391,621286,6.155368e+05,1180583,1.173377e+06
392,617817,6.153487e+05,1180093,1.172368e+06
393,616794,615011,1176909,1.171531e+06
394,616216,6.147153e+05,1168024,1.170610e+06
395,611009,6.143468e+05,1168662,1.169786e+06
396,614116,614024,1166103,1.168709e+06
397,613316,6.135960e+05,1167476,1.167954e+06
398,610704,6.132281e+05,1172622,1.167138e+06
399,613426,6.128514e+05,1158515,1.166232e+06
400,612725,6.125672e+05,1165641,1.165619e+06
401,608801,6.125015e+05,1171418,1.164676e+06
402,612546,6.123524e+05,1164750,1.163922e+06
403,611477,6.123178e+05,1158605,1.163244e+06
404,609525,6.123762e+05,1154982,1.162576e+06
405,609498,6.121906e+05,1153071,1.161829e+06
406,608183,6.120105e+05,1148814,1.161160e+06
407,611398,6.119049e+05,1156040,1.160506e+06
408,606113,6.117841e+05,1153227,1.159686e+06
409,608728,6.116268e+05,1152180,1.159009e+06
410,611470,6.115097e+05,1155936,1.158338e+06
411,616353,6.113312e+05,1152490,1.157639e+06
412,605952,6.112660e+05,1159068,1.156830e+06
413,614897,6.111675e+05,1155701,1.156050e+06
414,611202,6.111788e+05,1152814,1.155262e+06
415,605669,6.110255e+05,1147660,1.154368e+06
416,610637,6.109395e+05,1159012,1.153555e+06
417,615631,6.107125e+05,1144521,1.152844e+06
418,607584,6.105967e+05,1150566,1.152045e+06
419,606524,6.104816e+05,1146315,1.151272e+06
420,608454,6.104657e+05,1148756,1.150778e+06
421,607977,6.105071e+05,1142099,1.150177e+06
422,603827,6.104832e+05,1150798,1.149820e+06
423,608096,6.105078e+05,1150674,1.149351e+06
424,607589,6.104945e+05,1148000,1.148583e+06
425,607028,6.105159e+05,1153785,1.148276e+06
426,613206,6.103782e+05,1140294,1.147715e+06
427,611190,6.104734e+05,1148267,1.146945e+06
428,610688,6.104293e+05,1146712,1.146323e+06
429,616138,6.104004e+05,1146677,1.145905e+06
430,605292,6.104548e+05,1149584,1.145540e+06
431,608771,6.104571e+05,1146459,1.145140e+06
432,610461,6.105699e+05,1151064,1.144885e+06
433,610578,6.106621e+05,1141634,1.144522e+06
434,610185,6.107779e+05,1147289,1.144085e+06
435,610169,6.108679e+05,1148498,1.143791e+06
436,607733,6.108862e+05,1141411,1.143439e+06
437,614765,6.107596e+05,1137274,1.143027e+06
438,611697,6.108790e+05,1139128,1.142432e+06
439,614165,6.108377e+05,1138353,1.141960e+06
440,607991,6.108696e+05,1137481,1.141525e+06
441,612318,6.111506e+05,1135287,1.141380e+06
442,609707,6.113458e+05,1144311,1.140988e+06
443,611911,611309,1139350,1.140742e+06
444,610926,6.113916e+05,1137459,1.140379e+06
445,615405,6.114617e+05,1142828,1.140213e+06
446,613122,6.115847e+05,1138038,1.140135e+06
447,612897,6.117833e+05,1147883,1.139926e+06
448,614567,6.119710e+05,1143559,1.139805e+06
449,610027,6.121476e+05,1133450,1.139536e+06
450,614517,6.123197e+05,1142882,1.139421e+06
451,605704,6.124739e+05,1136994,1.138972e+06
452,613655,6.125560e+05,1132186,1.138738e+06
453,610296,6.126705e+05,1132986,1.138572e+06
454,610003,6.128083e+05,1137316,1.138673e+06
455,612303,6.128754e+05,1136371,1.138537e+06
456,609614,6.131652e+05,1132676,1.138395e+06
457,613935,6.132618e+05,1135816,1138339
458,616101,6.134005e+05,1137479,1.138258e+06
459,612017,6.135196e+05,1130941,1138196
460,613319,6.136377e+05,1137198,1.138116e+06
461,612405,6.138339e+05,1138004,1.138109e+06
462,609895,6.140121e+05,1131467,1.138256e+06
463,612040,6.140970e+05,1128727,1.138426e+06
464,612790,6.142851e+05,1131605,1.138636e+06
465,612830,6.144731e+05,1130635,1.138825e+06
466,620003,6.147026e+05,1140301,1.139038e+06
467,620590,6.149611e+05,1139006,1.139165e+06
468,613754,6.151461e+05,1131950,1.139185e+06
469,611798,6.153386e+05,1132096,1.139383e+06
470,610099,6.154780e+05,1137812,1.139614e+06
471,614728,6.154941e+05,1144767,1.139763e+06
472,618104,6.156488e+05,1131475,1.140069e+06
473,613397,6.158180e+05,1144613,1.140000e+06
474,617106,6.160573e+05,1136937,1.140285e+06
475,616364,6.162663e+05,1142158,1140561
476,614895,6.164055e+05,1130885,1.140623e+06
477,617390,6.167540e+05,1128353,1.141040e+06
478,617033,6.169856e+05,1139811,1.141458e+06
479,617714,6.171627e+05,1151842,1.141928e+06
480,619560,6.174570e+05,1139739,1.142246e+06
481,620070,6.176176e+05,1142356,1.142686e+06
482,613699,6.178109e+05,1143608,1.143336e+06
483,617532,6.177755e+05,1146921,1.143894e+06
484,616657,6.179226e+05,1138484,1.144297e+06
485,616206,6.181267e+05,1143196,1.144993e+06
486,620174,6.182408e+05,1148150,1.145396e+06
487,616823,6.183601e+05,1148899,1.145862e+06
488,619096,6.185015e+05,1145954,1.146524e+06
489,621287,6.186534e+05,1149849,1.147313e+06
490,623754,6.188626e+05,1147998,1.148031e+06
491,619694,6.189016e+05,1148354,1.148794e+06
492,625503,6.189218e+05,1141764,1.149450e+06
493,619143,6.188549e+05,1145292,1.150051e+06
494,621727,6.189731e+05,1149468,1.150788e+06
495,618034,6.191561e+05,1149212,1.151508e+06
496,616229,6.192845e+05,1150473,1.152240e+06
497,621011,6.193587e+05,1153640,1.152772e+06
498,621524,6.194332e+05,1144360,1.153687e+06
499,626774,6.195947e+05,1158055,1.154337e+06
500,620687,6.196455e+05,1147550,1.155203e+06
501,621615,6.197559e+05,1146040,1.155976e+06
502,623478,6.198363e+05,1158275,1.156862e+06
503,625467,6.199945e+05,1153501,1.157656e+06
504,619327,6.200804e+05,1156954,1.158300e+06
505,625014,620236,1153512,1.158670e+06
506,620493,6.203128e+05,1158849,1.159389e+06
507,619469,6.203298e+05,1165821,1.160046e+06
508,612130,6.204408e+05,1164268,1.160795e+06
509,623603,6.205015e+05,1158004,1.161390e+06
510,622430,6.205296e+05,1166476,1.162040e+06
511,619134,6.205401e+05,1157718,1.162732e+06
512,618492,6.204600e+05,1161785,1.163171e+06
513,617105,6.203575e+05,1165236,1.163705e+06
514,619788,6.202208e+05,1168946,1.164343e+06
515,623458,6.201510e+05,1168219,1.164881e+06
516,614818,6.200091e+05,1169545,1.165438e+06
517,621035,6.199522e+05,1173749,1.165967e+06
518,617176,6.198214e+05,1169707,1.166687e+06
519,619785,6.197142e+05,1169515,1.167298e+06
520,621128,6.196077e+05,1168829,1.167712e+06
521,616649,6.196101e+05,1175115,1.168309e+06
522,618511,6.196895e+05,1171888,1.168866e+06
523,621906,6.196160e+05,1178151,1.169317e+06
524,621635,6.195303e+05,1177763,1.169738e+06
525,619696,6.194025e+05,1181120,1170018
526,621994,6.194085e+05,1181596,1.170592e+06
527,618995,6.192848e+05,1176075,1.171040e+06
528,625459,6.190245e+05,1168840,1.171329e+06
529,621413,6.187699e+05,1172617,1.171832e+06
530,625649,6.186747e+05,1170710,1.172257e+06
531,623477,6.185051e+05,1176435,1.172669e+06
532,620937,6.183099e+05,1175867,1.173027e+06
533,619358,6.181686e+05,1181791,1.173201e+06
534,620632,6.181855e+05,1177286,1.173389e+06
535,618086,6.179429e+05,1171629,1.173607e+06
536,616744,6.178903e+05,1178496,1.173782e+06
537,616087,6.178213e+05,1170544,1.174102e+06
538,611596,6.176885e+05,1176135,1.174295e+06
539,612123,6.176012e+05,1178463,1.174286e+06
540,617728,6.175381e+05,1177314,1.174409e+06
541,616520,6.172956e+05,1176385,1.174384e+06
542,616792,6.173480e+05,1175340,1.174379e+06
543,618830,6.172553e+05,1178457,1.174239e+06
544,613678,6.171322e+05,1176481,1.174026e+06
545,616292,6.169020e+05,1170564,1.173823e+06
546,618158,6.167103e+05,1179669,1.173601e+06
547,620279,6.165983e+05,1178883,1.173436e+06
548,617261,6.163659e+05,1176632,1.173116e+06
549,617154,6.161248e+05,1165836,1.172722e+06
550,620254,6.158453e+05,1172337,1.172537e+06
551,620997,6.158317e+05,1176805,1.172282e+06
552,615307,6.155870e+05,1168909,1.171852e+06
553,610199,6.154667e+05,1172989,1.171391e+06
554,612482,6.151811e+05,1179198,1.171218e+06
555,614475,6.149222e+05,1178607,1.170817e+06
556,616361,6.145998e+05,1174542,1.170395e+06
557,610539,6.143783e+05,1177094,1.170102e+06
558,612262,6.141187e+05,1174681,1.169709e+06
559,612993,6.139550e+05,1173856,1.169330e+06
560,611230,6.136557e+05,1169138,1.168935e+06
561,619746,6.134678e+05,1175413,1.168770e+06
562,615618,6.133504e+05,1174027,1.168444e+06
563,611721,6.132491e+05,1171615,1.168118e+06
564,612648,6.132552e+05,1164795,1.167735e+06
565,616571,6.132287e+05,1175225,1.167368e+06
566,611090,6.130714e+05,1166946,1.166860e+06
567,617490,6.129654e+05,1169289,1.166431e+06
568,616310,6.128789e+05,1166586,1.165918e+06
569,610896,6.127104e+05,1158841,1.165224e+06
570,608048,6.126230e+05,1159165,1164652
571,611347,6.124843e+05,1157522,1.164112e+06
572,610940,6.122697e+05,1166687,1.163450e+06
573,606659,612052,1155554,1.162741e+06
574,609611,6.119005e+05,1158048,1.162208e+06
575,607380,6.117092e+05,1168357,1.161849e+06
576,619002,6.114662e+05,1168088,1.161472e+06
577,609514,6.112715e+05,1159694,1.160766e+06
578,612861,6.111417e+05,1152542,1.160152e+06
579,610893,6.111540e+05,1160050,1.159766e+06
580,608207,6.110360e+05,1152159,1.159057e+06
581,609206,6.109297e+05,1149186,1.158225e+06
582,612180,6.108101e+05,1161510,1.157455e+06
583,607701,6.107356e+05,1155797,1.156705e+06
584,611008,6.107266e+05,1162457,1.155884e+06
585,605365,6.106725e+05,1157139,1.154987e+06
586,608503,6.105960e+05,1163227,1.154165e+06
587,610757,6.103071e+05,1161884,1.153442e+06
588,610924,6.101884e+05,1153883,1.152777e+06
589,611906,6.101399e+05,1156628,1.151885e+06
590,610771,6.100980e+05,1159759,1.151312e+06
591,609705,6.098534e+05,1151360,1150671
592,611112,6.098310e+05,1154545,1.150001e+06
593,612383,6.096516e+05,1149143,1.149156e+06
594,610237,6.095933e+05,1143071,1.148449e+06
595,609219,6.096898e+05,1147320,1.147900e+06
596,609221,6.098266e+05,1143041,1.147366e+06
597,607213,6.098061e+05,1145914,1.146817e+06
598,609175,6.097991e+05,1142679,1.146181e+06
599,609533,6.097738e+05,1149483,1.145736e+06
600,607401,6.097915e+05,1147521,1.145217e+06
601,607860,6.098760e+05,1153125,1.144593e+06
602,611069,6.095692e+05,1140771,1.143785e+06
603,608686,6.096104e+05,1137600,1.143186e+06
604,610823,6.095849e+05,1153307,1.142764e+06
605,606467,6.095773e+05,1143011,1.142080e+06
606,609055,6.095353e+05,1136222,1.141595e+06
607,610259,6.094571e+05,1135254,1.141058e+06
608,606739,6.092978e+05,1138829,1.140391e+06
609,611803,6.093305e+05,1132829,1.139918e+06
610,610234,6.092057e+05,1128106,1.139306e+06
611,607327,6.092766e+05,1127212,1.138749e+06
612,605015,6.092697e+05,1138541,1.138149e+06
613,609563,6.093304e+05,1140117,1.137659e+06
614,609249,6.095421e+05,1126097,1.137044e+06
615,610508,6.095317e+05,1135581,1.136613e+06
616,604098,6.095417e+05,1142544,1.136068e+06
617,609949,6.095982e+05,1132764,1.135846e+06
618,608338,6.095985e+05,1126189,1.135411e+06
619,613340,6.095913e+05,1130560,1.135040e+06
620,615816,6.095996e+05,1130852,1.134915e+06
621,615024,6.096320e+05,1131895,1.134702e+06
622,610303,6.097262e+05,1129536,1.134401e+06
623,610584,6.097258e+05,1134260,1.134234e+06
624,605366,6.096674e+05,1132835,1.134133e+06
625,610516,6.096519e+05,1131585,1.133839e+06
626,611687,6.097085e+05,1136520,1.133599e+06
627,603356,6.097441e+05,1126879,1.133328e+06
628,611616,6.097973e+05,1129154,1.133253e+06
629,611560,6.098703e+05,1131040,1.133253e+06
630,610505,6.099294e+05,1125171,1.132893e+06
631,606067,6.098871e+05,1127397,1.132762e+06
632,605218,6.098954e+05,1121830,1.132733e+06
633,604053,6.099324e+05,1127493,1.132633e+06
634,609368,6.099842e+05,1131677,1.132586e+06
635,604644,6.098508e+05,1131212,1.132478e+06
636,608980,6.097794e+05,1128749,1.132493e+06
637,608152,6.099057e+05,1132629,1.132571e+06
638,613854,6.101163e+05,1136875,1.132485e+06
639,621719,610193,1122535,1.132525e+06
640,611376,6.102019e+05,1134635,1.132833e+06
641,611281,6.102316e+05,1131965,1.132766e+06
642,612585,6.103826e+05,1140052,1.132658e+06
643,611127,6.104383e+05,1132338,1.132765e+06
644,612016,6.105033e+05,1130239,1.133087e+06
645,610665,6.103691e+05,1136677,1.133231e+06
646,610871,6.103335e+05,1136485,1.133427e+06
647,614025,610334,1127697,1.133618e+06
648,607193,6.103318e+05,1137405,1.133757e+06
649,606192,6.102570e+05,1137495,1.133721e+06
650,608745,6.104133e+05,1134473,1.133884e+06
651,610287,6.104606e+05,1135309,1.133921e+06
652,609677,6.103883e+05,1139322,1.134041e+06
653,613781,6.106085e+05,1136916,1.134349e+06
654,612410,6.105967e+05,1137613,1.134546e+06
655,613834,6.105814e+05,1134931,1.134755e+06
656,604314,6.105424e+05,1136354,1.135165e+06
657,609476,6.107577e+05,1134734,1.135525e+06
658,612146,6.107935e+05,1130156,1.135813e+06
659,609382,6.109245e+05,1136419,1.136072e+06
660,604998,6.109399e+05,1127337,1.136086e+06
661,606592,6.109435e+05,1128851,1.136398e+06
662,613768,6.110139e+05,1131182,1.136612e+06
663,615756,6.111728e+05,1134165,1.136852e+06
664,613476,6.111002e+05,1142151,1.137137e+06
665,609704,6.110563e+05,1141804,1.137589e+06
666,612020,6.110617e+05,1132181,1.137883e+06
667,611799,6.109558e+05,1137030,1.138176e+06
668,612792,6.109058e+05,1138229,1.138412e+06
669,611651,6.108827e+05,1142611,1.138829e+06
670,606497,6.108017e+05,1137903,1.139191e+06
671,614001,6.107901e+05,1140849,1.139386e+06
672,615049,6.107867e+05,1141637,1.139725e+06
673,610189,6.107372e+05,1136603,1.140178e+06
674,606772,6.108131e+05,1132451,1.140413e+06
675,613334,6.108415e+05,1141155,1.140725e+06
676,612931,6.108431e+05,1133458,1.140968e+06
677,607998,6.109375e+05,1142642,1.141166e+06
678,614588,6.110262e+05,1142593,1.141378e+06
679,611016,6.110921e+05,1139176,1.141712e+06
680,610775,6.111755e+05,1141693,1.142026e+06
681,608519,6.111235e+05,1146077,1.142367e+06
682,617047,6.112677e+05,1145786,1.142760e+06
683,607046,6.112388e+05,1136535,1.143444e+06
684,610729,6.112321e+05,1140676,1.144010e+06
685,610157,6.113000e+05,1132385,1.144410e+06
686,604828,6.114245e+05,1147154,1.144865e+06
687,612571,611479,1139623,1.145449e+06
688,616252,6.113668e+05,1144866,1.145908e+06
689,610152,6.111788e+05,1151432,1.146490e+06
690,619480,6.110735e+05,1145607,1.146845e+06
691,611655,6.111171e+05,1149612,1.147176e+06
692,605880,6.111171e+05,1146931,1.147622e+06
693,610031,6.110775e+05,1152060,1.148140e+06
694,609951,6.109705e+05,1153594,1.148559e+06
695,607884,6.108843e+05,1148729,1.148780e+06
696,610075,6.109253e+05,1146622,1.149051e+06
697,610699,6.106988e+05,1153747,1.149359e+06
698,611497,6.104763e+05,1150792,1.149651e+06
699,611066,6.103249e+05,1149432,1.150118e+06
700,607641,6.103012e+05,1153388,1150603
701,608824,6.100659e+05,1146852,1.150890e+06
702,615105,6.099986e+05,1145417,1.151276e+06
703,614198,6.098850e+05,1150149,1.151550e+06
704,617143,6.096872e+05,1153919,1.151869e+06
705,616663,6.097008e+05,1153661,1.152141e+06
706,611183,6.095141e+05,1152286,1152452
707,611668,6.095860e+05,1156422,1.152739e+06
708,608003,6.093617e+05,1169627,1.152924e+06
709,611800,6.093613e+05,1158994,1.153374e+06
710,612845,6.092269e+05,1156852,1.153756e+06
711,611350,6.090825e+05,1150537,1.154379e+06
712,609371,6.092225e+05,1158620,1.154602e+06
713,608047,6.091388e+05,1154590,1.154948e+06
714,606167,6.089966e+05,1163851,1.155104e+06
715,608103,6.088812e+05,1160252,1.155302e+06
716,611932,6.085762e+05,1158695,1.155644e+06
717,612018,6.084618e+05,1154915,1.155766e+06
718,609781,6.085050e+05,1163460,1.155917e+06
719,607332,608432,1159575,1.156065e+06
720,607256,6.083742e+05,1153910,1.156080e+06
721,608588,6.083088e+05,1151696,1.156285e+06
722,602452,6.083607e+05,1156578,1.156564e+06
723,603700,6.082746e+05,1156543,1.156677e+06
724,602466,6.082118e+05,1160400,1.156878e+06
725,605563,6.081263e+05,1157187,1.157192e+06
726,601337,6.082577e+05,1155806,1.157168e+06
727,609498,6.082610e+05,1153114,1.157493e+06
728,602202,6.080714e+05,1156627,1.157783e+06
729,604499,6.079483e+05,1158857,1.158005e+06
730,611714,6.077538e+05,1153078,1.158247e+06
731,601251,6.075428e+05,1157534,1.158345e+06
732,612185,6.074266e+05,1160695,1.158546e+06
733,605608,6.074919e+05,1155262,1.158444e+06
734,607027,6.074973e+05,1159454,1.158168e+06
735,603875,6.074113e+05,1160146,1.158242e+06
736,602791,6.073149e+05,1164170,1.158179e+06
737,611966,6.072447e+05,1158522,1.158279e+06
738,608304,6.071928e+05,1157265,1.158069e+06
739,609003,6.072377e+05,1152861,1.157959e+06
740,604262,6.072315e+05,1161529,1.157808e+06
741,603927,6.071149e+05,1163052,1.157737e+06
742,605820,606999,1155820,1.157559e+06
743,608085,6.068648e+05,1154643,1.157443e+06
744,606307,6.067883e+05,1159599,1.157183e+06
745,607004,6.068295e+05,1154333,1.156985e+06
746,604547,6.067431e+05,1159215,1.156804e+06
747,612724,6.067127e+05,1160830,1.156728e+06
748,606309,6.067908e+05,1159538,1.156579e+06
749,608291,606750,1161014,1.156275e+06
750,606708,6.066990e+05,1165445,1.155963e+06
751,614343,6.067318e+05,1152182,1.155822e+06
752,608991,6.068338e+05,1163438,1.155795e+06
753,605436,6.067535e+05,1160178,1.155652e+06
754,607917,6.068481e+05,1161488,1.155378e+06
755,607224,6.068930e+05,1166234,1.154997e+06
756,605903,6.067118e+05,1158660,1.154817e+06
757,605258,6.067166e+05,1162542,1.154490e+06
758,614995,6.066117e+05,1151245,1.154080e+06
759,608280,6.065102e+05,1155513,1.153935e+06
760,607412,6.064662e+05,1162781,1.153698e+06
761,607933,6.065189e+05,1153639,1.153320e+06
762,607768,6.065703e+05,1155624,1.152836e+06
763,606723,6.064917e+05,1147944,1.152578e+06
764,610336,6.065781e+05,1148954,1.152334e+06
765,605854,6.065631e+05,1156183,1.152191e+06
766,602155,6.066369e+05,1156611,1.151770e+06
767,606021,6.066414e+05,1149634,1.151330e+06
768,605176,6.066883e+05,1148995,1.150958e+06
769,605878,6.066000e+05,1150197,1.150766e+06
770,609435,6.066411e+05,1149493,1.150365e+06
771,602845,6.066977e+05,1144668,1.150133e+06
772,607042,6.067599e+05,1147792,1.149799e+06
773,606432,6.066073e+05,1149002,1.149579e+06
774,601620,6.066281e+05,1141020,1.149275e+06
775,599867,6.065889e+05,1144521,1.148711e+06
776,607233,6.065897e+05,1149959,1.148136e+06
777,606540,6.064895e+05,1154424,1.147853e+06
778,605401,6.064607e+05,1145828,1.147373e+06
779,607027,6.065632e+05,1142689,1.146888e+06
780,606791,6.066323e+05,1139423,1.146389e+06
781,602471,6.067359e+05,1143854,1.145707e+06
782,601495,6.067198e+05,1140892,1.145370e+06
783,606838,6.067335e+05,1139787,1.144913e+06
784,600430,6.066642e+05,1147854,1.144617e+06
785,604781,6.066622e+05,1147392,1.144157e+06
786,606563,6.066945e+05,1140867,1.143580e+06
787,605415,6.067262e+05,1139483,1.143026e+06
788,607959,6.066746e+05,1145350,1.142574e+06
789,612706,6.066586e+05,1144817,1.142193e+06
790,608242,6.064682e+05,1145589,1.141691e+06
791,608022,6.064120e+05,1140021,1.141308e+06
792,604158,6.063976e+05,1140627,1.140914e+06
793,608210,6.063943e+05,1136836,1.140489e+06
794,603583,6.064202e+05,1144856,1.140060e+06
795,608403,6.064006e+05,1139130,1.139693e+06
796,609894,6.062532e+05,1142531,1.139403e+06
797,607716,6.062736e+05,1142155,1.139160e+06
798,604943,6.062607e+05,1149655,1.138807e+06
799,607370,6.063043e+05,1144024,1.138492e+06
800,606289,6.063642e+05,1132247,1.138326e+06
801,606753,6.066491e+05,1136084,1.138116e+06
802,609229,6.066641e+05,1137784,1.137752e+06
803,607524,6.066802e+05,1138933,1.137410e+06
804,610663,6.066662e+05,1135444,1.137095e+06
805,611442,6.066147e+05,1136039,1.136821e+06
806,612506,6.065233e+05,1131457,1.136672e+06
807,605084,6.064833e+05,1141466,1.136490e+06
808,605955,6.064661e+05,1139251,1.136276e+06
809,611462,6.064583e+05,1136130,1.136189e+06
810,608176,6.065609e+05,1132096,1.135830e+06
811,609059,6.065889e+05,1133319,1.135759e+06
812,609550,6.065501e+05,1125373,1.135583e+06
813,605137,6.065704e+05,1132581,1.135408e+06
814,605910,6.064162e+05,1128542,1.135157e+06
815,600622,6.063284e+05,1123345,1.134799e+06
816,602988,6.062048e+05,1136654,1.134534e+06
817,601422,6.061386e+05,1136498,1.134372e+06
818,605852,6.061478e+05,1127961,1.134190e+06
819,606495,6.060887e+05,1127123,1.134145e+06
820,604879,6.061078e+05,1131461,1.134076e+06
821,601920,6.060414e+05,1134710,1.134072e+06
822,603883,6.059220e+05,1132291,1.134000e+06
823,606387,6.058447e+05,1129780,1.133860e+06
824,608653,6.059278e+05,1132957,1.133612e+06
825,604677,6.058675e+05,1132558,1.133438e+06
826,614395,6.057945e+05,1133784,1.133499e+06
827,608000,6.057740e+05,1131413,1.133379e+06
828,607358,6.057046e+05,1136993,1.133445e+06
829,604689,6.056754e+05,1129751,1.133414e+06
830,604401,6.056026e+05,1128719,1.133480e+06
831,602131,6.054796e+05,1131792,1.133651e+06
832,600429,6.052973e+05,1134587,1.133759e+06
833,600616,6.051846e+05,1129972,1.133467e+06
834,606441,6.052061e+05,1135372,1.133502e+06
835,605665,6.051119e+05,1129539,1.133499e+06
836,606208,6.049659e+05,1143781,1.133676e+06
837,604586,6.049097e+05,1131897,1.133855e+06
838,606448,6.048166e+05,1130522,1.134047e+06
839,600095,6.048096e+05,1132577,1.134211e+06
840,608226,6.048688e+05,1126550,1.134403e+06
841,601943,6.049065e+05,1132045,1.134811e+06
842,604645,6.049993e+05,1131801,1.134871e+06
843,604626,6.051630e+05,1131343,1.134928e+06
844,605197,6.053411e+05,1134534,1.135083e+06
845,604554,6.053335e+05,1141346,1.135396e+06
846,605019,6.053684e+05,1138902,1.135489e+06
847,603805,6.054960e+05,1138868,1.135609e+06
848,603771,6.053982e+05,1134994,1.135713e+06
849,609182,6.054059e+05,1137003,1.135926e+06
850,604294,6.053785e+05,1135184,1.136153e+06
851,602566,6.053765e+05,1135366,1.136288e+06
852,605708,6.052449e+05,1129950,1.136623e+06
853,605691,6.052323e+05,1141165,1.136927e+06
854,606034,6.051766e+05,1137319,1.137037e+06
855,606951,6.051458e+05,1138837,1.137220e+06
856,605169,6.051820e+05,1144743,1.137573e+06
857,603207,6.053035e+05,1136970,1.137957e+06
858,599338,6.052813e+05,1126569,1.138206e+06
859,607053,6.053932e+05,1141023,1.138483e+06
860,606655,6.053114e+05,1135976,1.138827e+06
861,600730,6.053945e+05,1141128,1.139232e+06
862,606192,6.053467e+05,1142460,1.139353e+06
863,604802,6.053526e+05,1135166,1.139541e+06
864,604782,6.052412e+05,1140953,1.139874e+06
865,608928,6.053166e+05,1138318,1.140252e+06
866,602545,605223,1144145,1.140625e+06
867,607723,6.053244e+05,1139743,1.140841e+06
868,609767,6.053281e+05,1139392,1.141278e+06
869,614937,6.053009e+05,1135880,1.141493e+06
870,606109,6.051858e+05,1143074,1.141798e+06
871,606658,6.051575e+05,1136211,1.141842e+06
872,608428,6.051249e+05,1140841,1.142005e+06
873,598895,6.052204e+05,1137564,1.142253e+06
874,606780,6.052940e+05,1140647,1.142585e+06
875,607252,6.051480e+05,1144521,1.142918e+06
876,604580,6.052466e+05,1139440,1.143211e+06
877,607681,6.052991e+05,1150877,1.143505e+06
878,607355,6.052450e+05,1146925,1.143840e+06
879,604522,6.053115e+05,1142591,1.144006e+06
880,603118,6.053434e+05,1139121,1.144390e+06
881,606247,6.052653e+05,1146677,1.144547e+06
882,608328,6.053240e+05,1151415,1.144597e+06
883,599295,6.052795e+05,1147250,1.144831e+06
884,606322,6.054512e+05,1144117,1.145345e+06
885,602269,6.053780e+05,1152935,1.145744e+06
886,609904,6.052399e+05,1150189,1.146006e+06
887,603768,6.052051e+05,1149918,1.146141e+06
888,604888,6.051988e+05,1141489,1.146397e+06
889,600767,6.051602e+05,1147531,1.146795e+06
890,603939,6.051904e+05,1151861,1.146839e+06
891,603454,6.050353e+05,1145573,1.147061e+06
892,607113,6.051083e+05,1143031,1.147151e+06
893,604834,6.050299e+05,1154122,1.147422e+06
894,603240,6.049566e+05,1142280,1.147484e+06
895,599325,6.046077e+05,1150117,1.147731e+06
896,603112,6.045732e+05,1143596,1.147762e+06
897,603357,6.044757e+05,1147211,1.147956e+06
898,608674,6.043598e+05,1151501,1.148127e+06
899,607527,6.043919e+05,1151902,1.148355e+06
900,601737,6.043473e+05,1154014,1.148419e+06
901,609323,6.042059e+05,1150092,1.148491e+06
902,605241,6.041104e+05,1150361,1.148811e+06
903,602948,6.040335e+05,1147080,1.148840e+06
904,609084,6.039337e+05,1149605,1.148989e+06
905,607658,6.038895e+05,1156922,1.149253e+06
906,602969,6.039106e+05,1146854,1.149567e+06
907,608163,6.039129e+05,1147272,1.149570e+06
908,600940,6.038307e+05,1148900,1.149485e+06
909,608093,6.040272e+05,1152805,1.149358e+06
910,603319,6.038725e+05,1161359,1.149452e+06
911,599613,6.039824e+05,1149320,1.149426e+06
912,598956,6.038084e+05,1148048,1.149402e+06
913,605868,6.038081e+05,1155470,1.149207e+06
914,602833,6.037164e+05,1155462,1.149411e+06
915,606322,6.037043e+05,1143228,1.149393e+06
916,601018,6.036743e+05,1149656,1.149278e+06
917,606268,6.036834e+05,1148721,1.149388e+06
918,603725,6.036523e+05,1153559,1.149451e+06
919,606033,6.036047e+05,1142545,1.149272e+06
920,597139,603667,1148505,1.149294e+06
921,604350,6.037033e+05,1144607,1.149018e+06
922,601689,6.036692e+05,1146154,1.149017e+06
923,602513,6.037582e+05,1149533,1.148886e+06
924,600536,6.036787e+05,1149217,1.148796e+06
925,604501,6.035482e+05,1143892,1.148628e+06
926,600044,6.035629e+05,1148182,1.148490e+06
927,599709,6.035087e+05,1155775,1.148328e+06
928,603756,6.034164e+05,1152336,1.148254e+06
929,602266,6.034648e+05,1154536,1.148243e+06
930,602268,6.034796e+05,1156043,1.148138e+06
931,604197,6.033692e+05,1155164,1.147939e+06
932,606363,6.035056e+05,1146823,1.147930e+06
933,604136,6.034097e+05,1147049,1.147845e+06
934,609316,6.034042e+05,1140820,1.147723e+06
935,598434,6.032656e+05,1148880,1.147368e+06
936,607872,6.032016e+05,1151633,1.147017e+06
937,601029,6.032217e+05,1148958,1.146845e+06
938,603752,6.033291e+05,1139944,1.146793e+06
939,600213,6.032357e+05,1151890,1.146601e+06
940,600148,6.032338e+05,1146623,1.146288e+06
941,602409,6.031345e+05,1146005,1.146168e+06
942,603920,6.031225e+05,1151208,1.146011e+06
943,605529,6.029965e+05,1146247,1.145827e+06
944,602404,6.031202e+05,1144962,1.145439e+06
945,606418,6.031268e+05,1143393,1.145497e+06
946,601176,6.033319e+05,1136076,1.145214e+06
947,601371,6.034085e+05,1143519,1.145015e+06
948,607897,6.035692e+05,1140538,1.144830e+06
949,604621,6.036031e+05,1146927,1.144722e+06
950,600873,6.037048e+05,1143297,1.144471e+06
951,602486,6.035570e+05,1146994,1.144347e+06
952,606558,6.036221e+05,1141824,1.144052e+06
953,600534,6.036477e+05,1146597,1.143584e+06
954,605418,6.036315e+05,1146502,1.143097e+06
955,609836,6.036078e+05,1144257,1.142698e+06
956,602029,6.036884e+05,1146758,1.142460e+06
957,609927,6.037034e+05,1146434,1.142037e+06
958,603270,6.036331e+05,1142896,1.141714e+06
959,600658,6.036468e+05,1142694,1.141411e+06
960,601026,6.034899e+05,1134695,1.141139e+06
961,600056,6.034877e+05,1143479,1.140780e+06
962,600636,6.032501e+05,1140534,1.140345e+06
963,604432,6.032405e+05,1145394,1.139991e+06
964,601106,6.031048e+05,1145662,1.139876e+06
965,602735,6.031560e+05,1139505,1.139603e+06
966,601257,6.032248e+05,1137111,1.139206e+06
967,600408,6.031147e+05,1141671,1.139091e+06
968,599842,6.029765e+05,1139332,1.138678e+06
969,610034,6.029022e+05,1133791,1.138462e+06
970,606368,6.029488e+05,1145460,1.138316e+06
971,607599,6.029622e+05,1134072,1.138120e+06
972,608257,6.029788e+05,1134455,1.138064e+06
973,609888,6.029705e+05,1136727,1.137945e+06
974,604241,6.029490e+05,1144016,1.137769e+06
975,605723,6.028331e+05,1136443,1.137581e+06
976,596961,0,1137553,0
977,603366,0,1133135,0
978,601014,0,1131898,0
979,602931,0,1127524,0
980,601057,0,1134191,0
981,606375,0,1143881,0
982,604962,0,1133615,0
983,602782,0,1130359,0
984,604834,0,1131603,0
985,601315,0,1126951,0
986,598318,0,1130531,0
987,595754,0,1129458,0
988,600539,0,1130907,0
989,596832,0,1134086,0
990,602828,0,1137945,0
991,603653,0,1126370,0
992,596795,0,1140159,0
993,596873,0,1130145,0
994,601737,0,1135224,0
995,604781,0,1137540,0
996,607104,0,1133362,0
997,602020,0,1133246,0
998,600951,0,1137465,0
999,606801,0,1131522,0
1000,598710,0,1137339,0
